location,date,violation_count,anomaly
"10th Cross Road, Block 1, Rajaji Nagar, Bengaluru, Karnataka. Pin-560010 (India)",2023-11-29,38,-1
"11th Cross Road, Acharya Sri Ramanuja Circle, Malleshwaram, Bengaluru, Karnataka. Pin-560003 (India)",2024-02-27,39,-1
"15th Cross Road, Malleshwara Extension, Malleshwaram West, Bengaluru, Karnataka. Pin-560055 (India)",2023-11-30,29,-1
"15th Cross Road, Malleshwara Extension, Malleshwaram West, Bengaluru, Karnataka. Pin-560055 (India)",2024-02-03,26,-1
"15th Cross Road, Malleshwara Extension, Malleshwaram West, Bengaluru, Karnataka. Pin-560055 (India)",2024-02-06,45,-1
"15th Cross Road, Malleshwara Extension, Malleshwaram West, Bengaluru, Karnataka. Pin-560055 (India)",2024-02-17,30,-1
"15th Cross Road, Malleshwara Extension, Malleshwaram West, Bengaluru, Karnataka. Pin-560055 (India)",2024-02-21,28,-1
"15th Cross Road, Malleshwara Extension, Malleshwaram West, Bengaluru, Karnataka. Pin-560055 (India)",2024-03-12,23,-1
"17th Cross Road, Sector 7, HSR Layout, Bengaluru, Karnataka. Pin-560102 (India)",2024-02-11,24,-1
"17th Main Road, KPTCL Quarters, Block 2, Rajaji Nagar, Bengaluru, Karnataka. Pin-560010 (India)",2024-04-03,23,-1
"19th Main Road, Block 1, Rajaji Nagar, Bengaluru, Karnataka. Pin-560010 (India)",2024-02-07,23,-1
"19th Main Road, Block 1, Rajaji Nagar, Bengaluru, Karnataka. Pin-560010 (India)",2024-02-15,23,-1
"19th Main Road, Block 1, Rajaji Nagar, Bengaluru, Karnataka. Pin-560010 (India)",2024-04-03,32,-1
"1st Cross Road, Block 2, Koramangala, Bengaluru, Karnataka. Pin-560068 (India)",2024-02-19,25,-1
"1st Cross Road, Jeevan Bima Nagar, Bengaluru, Karnataka. Pin-560075 (India)",2024-03-05,35,-1
"1st Cross Road, Kempegowda Maharaja Complex, Kempegowda Extension, Chickpete, Bengaluru, Karnataka. Pin-560009 (India)",2024-02-15,25,-1
"1st Cross Road, Kempegowda Maharaja Complex, Kempegowda Extension, Chickpete, Bengaluru, Karnataka. Pin-560009 (India)",2024-02-19,26,-1
"1st Cross Road, Mallige Thotta, Cholurpalya, Bengaluru, Karnataka. Pin-560023 (India)",2024-02-26,25,-1
"1st Cross Road, Mallige Thotta, Cholurpalya, Bengaluru, Karnataka. Pin-560023 (India)",2024-03-10,25,-1
"1st Cross Road, Mallige Thotta, Cholurpalya, Bengaluru, Karnataka. Pin-560023 (India)",2024-03-15,33,-1
"1st Cross Road, Mallige Thotta, Cholurpalya, Bengaluru, Karnataka. Pin-560023 (India)",2024-03-17,34,-1
"1st Cross Road, Manuvana, Vijaya Nagar, Bengaluru, Karnataka. Pin-560040 (India)",2024-02-01,30,-1
"1st Cross Road, Manuvana, Vijaya Nagar, Bengaluru, Karnataka. Pin-560040 (India)",2024-02-23,33,-1
"1st Cross Road, Sindhya Sunshine Apartment, Vijaya Nagar, Bengaluru, Karnataka. Pin-560040 (India)",2024-02-14,23,-1
"1st Cross Road, Sindhya Sunshine Apartment, Vijaya Nagar, Bengaluru, Karnataka. Pin-560040 (India)",2024-03-03,52,-1
"1st Main Road, Block 1R, Rajaji Nagar, Bengaluru, Karnataka. Pin-560010 (India)",2024-02-02,25,-1
"1st Main Road, Police Quarters, Vijaya Nagar, Bengaluru, Karnataka. Pin-560040 (India)",2024-02-19,26,-1
"1st Main Road, Renaissance Temple Apartment, Yeshwanthpur Suburb Stage 2, Yeshwanthpur, Bengaluru, Karnataka. Pin-560022 (India)",2024-04-03,24,-1
"1st Main Road, Renaissance Temple Apartment, Yeshwanthpur Suburb Stage 2, Yeshwanthpur, Bengaluru, Karnataka. Pin-560022 (India)",2024-04-06,28,-1
"20th Main Road, Oscar Orchards, Sahakara Nagar, Bengaluru, Karnataka. Pin-560092 (India)",2024-03-14,29,-1
"21st Main Road, Ganga Government Quarters, MRCR Layout, Vijaya Nagar, Bengaluru, Karnataka. Pin-560040 (India)",2024-02-04,24,-1
"22nd Main Road, Nethravathi Government Quarters, MRCR Layout, Vijaya Nagar, Bengaluru, Karnataka. Pin-560040 (India)",2024-03-18,40,-1
"2nd Cross Road, Kempegowda Extension, Chickpete, Bengaluru, Karnataka. Pin-560009 (India)",2024-02-19,26,-1
"2nd Main Road, Prestige Technostar, Industrial Area Phase 1, Doddanekundi, Bengaluru, Karnataka. Pin-560048 (India)",2024-02-09,23,-1
"33rd Cross Road, Block 4, Jayanagar, Bengaluru, Karnataka. Pin-560011 (India)",2024-02-26,38,-1
"3rd Cross Road, Kempegowda Extension, Chickpete, Bengaluru, Karnataka. Pin-560009 (India)",2024-02-07,33,-1
"3rd Cross Road, Kempegowda Extension, Chickpete, Bengaluru, Karnataka. Pin-560009 (India)",2024-02-11,23,-1
"3rd Cross Road, Kempegowda Extension, Chickpete, Bengaluru, Karnataka. Pin-560009 (India)",2024-02-15,33,-1
"3rd Cross Road, Kempegowda Extension, Chickpete, Bengaluru, Karnataka. Pin-560009 (India)",2024-02-17,29,-1
"3rd Cross Road, Kempegowda Extension, Chickpete, Bengaluru, Karnataka. Pin-560009 (India)",2024-02-18,49,-1
"3rd Cross Road, Kempegowda Extension, Chickpete, Bengaluru, Karnataka. Pin-560009 (India)",2024-02-19,38,-1
"3rd Cross Road, Kempegowda Extension, Chickpete, Bengaluru, Karnataka. Pin-560009 (India)",2024-02-23,31,-1
"3rd Cross Road, Kempegowda Extension, Chickpete, Bengaluru, Karnataka. Pin-560009 (India)",2024-02-26,25,-1
"3rd Cross Road, Kempegowda Extension, Chickpete, Bengaluru, Karnataka. Pin-560009 (India)",2024-03-02,26,-1
"3rd Cross Road, Kempegowda Extension, Chickpete, Bengaluru, Karnataka. Pin-560009 (India)",2024-03-04,27,-1
"3rd Cross Road, Kempegowda Extension, Chickpete, Bengaluru, Karnataka. Pin-560009 (India)",2024-03-05,23,-1
"3rd Cross Road, Kempegowda Extension, Chickpete, Bengaluru, Karnataka. Pin-560009 (India)",2024-03-08,24,-1
"3rd Cross Road, Kempegowda Extension, Chickpete, Bengaluru, Karnataka. Pin-560009 (India)",2024-03-16,31,-1
"3rd Cross Road, Kempegowda Extension, Chickpete, Bengaluru, Karnataka. Pin-560009 (India)",2024-03-22,33,-1
"3rd Cross Road, Kempegowda Extension, Chickpete, Bengaluru, Karnataka. Pin-560009 (India)",2024-04-02,26,-1
"3rd Cross Road, Kempegowda Extension, Chickpete, Bengaluru, Karnataka. Pin-560009 (India)",2024-04-03,33,-1
"3rd Cross Road, Kempegowda Extension, Chickpete, Bengaluru, Karnataka. Pin-560009 (India)",2024-04-07,35,-1
"3rd Cross Road, RK Puram, Gandhi Nagar, Bengaluru, Karnataka. Pin-560009 (India)",2024-04-02,34,-1
"3rd Main Road, Sri Kanakadasa Circle, Gandhi Nagar, Bengaluru, Karnataka. Pin-560009 (India)",2024-02-03,69,-1
"3rd Main Road, Sri Kanakadasa Circle, Gandhi Nagar, Bengaluru, Karnataka. Pin-560009 (India)",2024-02-07,42,-1
"3rd Main Road, Sri Kanakadasa Circle, Gandhi Nagar, Bengaluru, Karnataka. Pin-560009 (India)",2024-02-19,44,-1
"3rd Main Road, Sri Kanakadasa Circle, Gandhi Nagar, Bengaluru, Karnataka. Pin-560009 (India)",2024-03-03,47,-1
"3rd Main Road, Sri Kanakadasa Circle, Gandhi Nagar, Bengaluru, Karnataka. Pin-560009 (India)",2024-04-02,31,-1
"3rd Main Road, Sri Kanakadasa Circle, Gandhi Nagar, Bengaluru, Karnataka. Pin-560009 (India)",2024-04-07,30,-1
"3rd Main Road, Star Circle, Rajaji Nagar, Bengaluru, Karnataka. Pin-560010 (India)",2024-01-05,27,-1
"4th Main Road, KPA Block, Chandra Layout Stage 2, Bengaluru, Karnataka. Pin-560040 (India)",2024-02-14,37,-1
"4th Main Road, KPA Block, Chandra Layout Stage 2, Bengaluru, Karnataka. Pin-560040 (India)",2024-02-15,53,-1
"4th Main Road, KPA Block, Chandra Layout Stage 2, Bengaluru, Karnataka. Pin-560040 (India)",2024-02-16,32,-1
"4th Main Road, KPA Block, Chandra Layout Stage 2, Bengaluru, Karnataka. Pin-560040 (India)",2024-02-28,61,-1
"4th Main Road, Nagappa Block, Srirampuram, Bengaluru, Karnataka. Pin-560021 (India)",2024-02-06,26,-1
"4th Main Road, Nagappa Block, Srirampuram, Bengaluru, Karnataka. Pin-560021 (India)",2024-02-08,27,-1
"4th Main Road, Nagappa Block, Srirampuram, Bengaluru, Karnataka. Pin-560021 (India)",2024-03-02,37,-1
"4th Main Road, Nagappa Block, Srirampuram, Bengaluru, Karnataka. Pin-560021 (India)",2024-03-15,31,-1
"4th Main Road, Sri Basaveshwara HBCS, Phase 1, Chandra Layout Stage 2, Bengaluru, Karnataka. Pin-560040 (India)",2024-02-15,101,-1
"4th Main Road, Sri Basaveshwara HBCS, Phase 1, Chandra Layout Stage 2, Bengaluru, Karnataka. Pin-560040 (India)",2024-02-16,38,-1
"4th Main Road, Sri Basaveshwara HBCS, Phase 1, Chandra Layout Stage 2, Bengaluru, Karnataka. Pin-560040 (India)",2024-02-28,58,-1
"5th Cross Road, Jakkarayana Kere, Gandhi Nagar, Bengaluru, Karnataka. Pin-560009 (India)",2024-04-06,33,-1
"5th Main Road, Dhondusa Layout, Basavanagudi, Bengaluru, Karnataka. Pin-560004 (India)",2024-03-30,24,-1
"5th Main Road, Dhondusa Layout, Basavanagudi, Bengaluru, Karnataka. Pin-560004 (India)",2024-04-05,23,-1
"5th Main Road, Kempe Gowda Circle, Gandhi Nagar, Bengaluru, Karnataka. Pin-560009 (India)",2024-02-03,41,-1
"5th Main Road, Kempe Gowda Circle, Gandhi Nagar, Bengaluru, Karnataka. Pin-560009 (India)",2024-02-13,24,-1
"5th Main Road, Kempe Gowda Circle, Gandhi Nagar, Bengaluru, Karnataka. Pin-560009 (India)",2024-02-18,26,-1
"5th Main Road, Kempe Gowda Circle, Gandhi Nagar, Bengaluru, Karnataka. Pin-560009 (India)",2024-02-23,32,-1
"5th Main Road, Kempe Gowda Circle, Gandhi Nagar, Bengaluru, Karnataka. Pin-560009 (India)",2024-02-29,29,-1
"5th Main Road, Kempe Gowda Circle, Gandhi Nagar, Bengaluru, Karnataka. Pin-560009 (India)",2024-03-03,77,-1
"5th Main Road, Kempe Gowda Circle, Gandhi Nagar, Bengaluru, Karnataka. Pin-560009 (India)",2024-03-16,64,-1
"5th Main Road, Kempe Gowda Circle, Gandhi Nagar, Bengaluru, Karnataka. Pin-560009 (India)",2024-03-30,33,-1
"5th Main Road, Kempe Gowda Circle, Gandhi Nagar, Bengaluru, Karnataka. Pin-560009 (India)",2024-03-31,23,-1
"5th Main Road, Shri Vinayaka Circle, Jayanagar, Bengaluru, Karnataka. Pin-560011 (India)",2024-03-05,42,-1
"5th Main Road, Shri Vinayaka Circle, Jayanagar, Bengaluru, Karnataka. Pin-560011 (India)",2024-04-02,35,-1
"5th Main Road, Shri Vinayaka Circle, Jayanagar, Bengaluru, Karnataka. Pin-560011 (India)",2024-04-03,33,-1
"5th Main Road, Shri Vinayaka Circle, Jayanagar, Bengaluru, Karnataka. Pin-560011 (India)",2024-04-05,43,-1
"60 Feet Main Road, Block B, AECS Layout, Kundalhalli, Bengaluru, Karnataka. Pin-560037 (India)",2024-03-20,23,-1
"6th Main Road, Kempe Gowda Circle, Gandhi Nagar, Bengaluru, Karnataka. Pin-560009 (India)",2024-02-05,27,-1
"6th Main Road, Kempe Gowda Circle, Gandhi Nagar, Bengaluru, Karnataka. Pin-560009 (India)",2024-02-19,23,-1
"6th Main Road, Kempe Gowda Circle, Gandhi Nagar, Bengaluru, Karnataka. Pin-560009 (India)",2024-03-03,48,-1
"6th Main Road, RK Puram, Gandhi Nagar, Bengaluru, Karnataka. Pin-560009 (India)",2024-02-02,27,-1
"6th Main Road, RK Puram, Gandhi Nagar, Bengaluru, Karnataka. Pin-560009 (India)",2024-02-10,34,-1
"6th Main Road, RK Puram, Gandhi Nagar, Bengaluru, Karnataka. Pin-560009 (India)",2024-02-13,30,-1
"6th Main Road, RK Puram, Gandhi Nagar, Bengaluru, Karnataka. Pin-560009 (India)",2024-02-23,31,-1
"6th Main Road, RK Puram, Gandhi Nagar, Bengaluru, Karnataka. Pin-560009 (India)",2024-02-24,33,-1
"6th Main Road, RK Puram, Gandhi Nagar, Bengaluru, Karnataka. Pin-560009 (India)",2024-02-28,30,-1
"6th Main Road, RK Puram, Gandhi Nagar, Bengaluru, Karnataka. Pin-560009 (India)",2024-03-02,31,-1
"6th Main Road, RK Puram, Gandhi Nagar, Bengaluru, Karnataka. Pin-560009 (India)",2024-03-03,41,-1
"6th Main Road, RK Puram, Gandhi Nagar, Bengaluru, Karnataka. Pin-560009 (India)",2024-03-04,25,-1
"6th Main Road, RK Puram, Gandhi Nagar, Bengaluru, Karnataka. Pin-560009 (India)",2024-03-18,50,-1
"6th Main Road, RK Puram, Gandhi Nagar, Bengaluru, Karnataka. Pin-560009 (India)",2024-03-21,46,-1
"6th Main Road, RK Puram, Gandhi Nagar, Bengaluru, Karnataka. Pin-560009 (India)",2024-03-31,27,-1
"6th Main Road, RK Puram, Gandhi Nagar, Bengaluru, Karnataka. Pin-560009 (India)",2024-04-01,39,-1
"6th Main Road, RK Puram, Gandhi Nagar, Bengaluru, Karnataka. Pin-560009 (India)",2024-04-02,65,-1
"6th Main Road, RK Puram, Gandhi Nagar, Bengaluru, Karnataka. Pin-560009 (India)",2024-04-03,28,-1
"80 Feet Ring Road, Dr Rajkumar Road 17th Cross Junction, Rajaji Nagar, Bengaluru, Karnataka. Pin-560010 (India)",2024-02-04,39,-1
"80 Feet Ring Road, Dr Rajkumar Road 17th Cross Junction, Rajaji Nagar, Bengaluru, Karnataka. Pin-560010 (India)",2024-02-17,28,-1
"80 Feet Ring Road, Dr Rajkumar Road 17th Cross Junction, Rajaji Nagar, Bengaluru, Karnataka. Pin-560010 (India)",2024-02-18,40,-1
"80 Feet Ring Road, Dr Rajkumar Road 17th Cross Junction, Rajaji Nagar, Bengaluru, Karnataka. Pin-560010 (India)",2024-03-02,24,-1
"80 Feet Ring Road, Dr Rajkumar Road 17th Cross Junction, Rajaji Nagar, Bengaluru, Karnataka. Pin-560010 (India)",2024-03-03,25,-1
"80 Feet Ring Road, Dr Rajkumar Road 17th Cross Junction, Rajaji Nagar, Bengaluru, Karnataka. Pin-560010 (India)",2024-03-15,23,-1
"80 Feet Ring Road, Dr Rajkumar Road 17th Cross Junction, Rajaji Nagar, Bengaluru, Karnataka. Pin-560010 (India)",2024-03-17,25,-1
"80 Feet Ring Road, Dr Rajkumar Road 17th Cross Junction, Rajaji Nagar, Bengaluru, Karnataka. Pin-560010 (India)",2024-04-06,39,-1
"80 Feet Ring Road, Dr Rajkumar Road 17th Cross Junction, Rajaji Nagar, Bengaluru, Karnataka. Pin-560010 (India)",2024-04-07,32,-1
"80 Feet Ring Road, Navarang Circle, Rajaji Nagar, Bengaluru, Karnataka. Pin-560010 (India)",2024-03-18,23,-1
"80 Feet Ring Road, Navarang Circle, Rajaji Nagar, Bengaluru, Karnataka. Pin-560010 (India)",2024-04-01,25,-1
"80 Feet Ring Road, Orion, Brigade Gateway, Malleshwaram West, Bengaluru, Karnataka. Pin-560055 (India)",2024-01-30,23,-1
"80 Feet Ring Road, Orion, Brigade Gateway, Malleshwaram West, Bengaluru, Karnataka. Pin-560055 (India)",2024-02-05,25,-1
"80 Feet Ring Road, Orion, Brigade Gateway, Malleshwaram West, Bengaluru, Karnataka. Pin-560055 (India)",2024-02-10,27,-1
"80 Feet Ring Road, Orion, Brigade Gateway, Malleshwaram West, Bengaluru, Karnataka. Pin-560055 (India)",2024-02-18,58,-1
"80 Feet Ring Road, Orion, Brigade Gateway, Malleshwaram West, Bengaluru, Karnataka. Pin-560055 (India)",2024-02-19,37,-1
"80 Feet Ring Road, Orion, Brigade Gateway, Malleshwaram West, Bengaluru, Karnataka. Pin-560055 (India)",2024-02-21,24,-1
"80 Feet Ring Road, Orion, Brigade Gateway, Malleshwaram West, Bengaluru, Karnataka. Pin-560055 (India)",2024-02-22,27,-1
"80 Feet Ring Road, Orion, Brigade Gateway, Malleshwaram West, Bengaluru, Karnataka. Pin-560055 (India)",2024-02-24,23,-1
"80 Feet Ring Road, Orion, Brigade Gateway, Malleshwaram West, Bengaluru, Karnataka. Pin-560055 (India)",2024-03-03,34,-1
"80 Feet Ring Road, Orion, Brigade Gateway, Malleshwaram West, Bengaluru, Karnataka. Pin-560055 (India)",2024-03-18,43,-1
"80 Feet Ring Road, Orion, Brigade Gateway, Malleshwaram West, Bengaluru, Karnataka. Pin-560055 (India)",2024-03-21,31,-1
"80 Feet Ring Road, Orion, Brigade Gateway, Malleshwaram West, Bengaluru, Karnataka. Pin-560055 (India)",2024-03-22,27,-1
"80 Feet Ring Road, Orion, Brigade Gateway, Malleshwaram West, Bengaluru, Karnataka. Pin-560055 (India)",2024-03-30,28,-1
"80 Feet Ring Road, Orion, Brigade Gateway, Malleshwaram West, Bengaluru, Karnataka. Pin-560055 (India)",2024-03-31,24,-1
"80 Feet Ring Road, Orion, Brigade Gateway, Malleshwaram West, Bengaluru, Karnataka. Pin-560055 (India)",2024-04-01,35,-1
"80 Feet Ring Road, Orion, Brigade Gateway, Malleshwaram West, Bengaluru, Karnataka. Pin-560055 (India)",2024-04-05,90,-1
"80 Feet Ring Road, Orion, Brigade Gateway, Malleshwaram West, Bengaluru, Karnataka. Pin-560055 (India)",2024-04-08,30,-1
"9th Main Road, Block 2, Jayanagar East, Bengaluru, Karnataka. Pin-560011 (India)",2024-03-31,23,-1
"9th Main Road, Block 2, Jayanagar East, Bengaluru, Karnataka. Pin-560011 (India)",2024-04-07,25,-1
"AS Char Main Road, Chickpet Circle, Chickpete, Bengaluru, Karnataka. Pin-560053 (India)",2024-02-13,29,-1
"AS Char Main Road, Chickpet Circle, Chickpete, Bengaluru, Karnataka. Pin-560053 (India)",2024-02-20,39,-1
"AS Char Main Road, Chickpet Circle, Chickpete, Bengaluru, Karnataka. Pin-560053 (India)",2024-03-20,38,-1
"Allalasandra Main Road, Taralabalu Enclave, Yelahanka, Bengaluru, Karnataka. Pin-560064 (India)",2024-02-11,34,-1
"Allalasandra Main Road, Yelahanka Circle, Yelahanka, Bengaluru, Karnataka. Pin-560064 (India)",2024-02-21,24,-1
"Ayyappa Temple Road, Fortuna Acacia, Byatarayanapura, Bengaluru, Karnataka. Pin-560092 (India)",2024-04-01,25,-1
"BDA 80 Feet Road, Windchimes, Arakere, Bengaluru, Karnataka. Pin-560076 (India)",2024-02-24,40,-1
"BGS Flyover, Chanda Nagar, Sultanpete, Bengaluru, Karnataka. Pin-560053 (India)",2024-02-25,24,-1
"BGS Flyover, City Market Circle, Bengaluru, Karnataka. Pin-560002 (India)",2024-04-04,23,-1
"Bagalur Road, New Bagalur Layout, Lingarajapuram, Bengaluru, Karnataka. Pin-560084 (India)",2024-04-04,28,-1
"Bannerghatta Main Road, JD Mara Junction, BTM Layout Stage 2, Bengaluru, Karnataka. Pin-560076 (India)",2024-03-18,26,-1
"Bellary Road, HGH Layout, Ganga Nagar, Bengaluru, Karnataka. Pin-560032 (India)",2024-04-04,24,-1
"Bellary Road, Vinayaka Nagar, Hebbal, Bengaluru, Karnataka. Pin-560024 (India)",2024-02-03,25,-1
"Bellary Road, Vinayaka Nagar, Hebbal, Bengaluru, Karnataka. Pin-560024 (India)",2024-02-12,24,-1
"Bellary Road, Vinayaka Nagar, Hebbal, Bengaluru, Karnataka. Pin-560024 (India)",2024-02-14,53,-1
"Bellary Road, Vinayaka Nagar, Hebbal, Bengaluru, Karnataka. Pin-560024 (India)",2024-02-20,27,-1
"Bellary Road, Vinayaka Nagar, Hebbal, Bengaluru, Karnataka. Pin-560024 (India)",2024-02-23,35,-1
"Bellary Road, Vinayaka Nagar, Hebbal, Bengaluru, Karnataka. Pin-560024 (India)",2024-02-24,28,-1
"Bellary Road, Vinayaka Nagar, Hebbal, Bengaluru, Karnataka. Pin-560024 (India)",2024-02-28,44,-1
"Bellary Road, Vinayaka Nagar, Hebbal, Bengaluru, Karnataka. Pin-560024 (India)",2024-03-02,37,-1
"Bellary Road, Vinayaka Nagar, Hebbal, Bengaluru, Karnataka. Pin-560024 (India)",2024-03-04,23,-1
"Bellary Road, Vinayaka Nagar, Hebbal, Bengaluru, Karnataka. Pin-560024 (India)",2024-03-16,68,-1
"Bellary Road, Vinayaka Nagar, Hebbal, Bengaluru, Karnataka. Pin-560024 (India)",2024-03-19,43,-1
"Bhadrappa Flyover, Nagashetty Halli, RMV Stage 2, Bengaluru, Karnataka. Pin-560094 (India)",2024-03-28,26,-1
"Broadway Road, Sulthangunta, Shivaji Nagar, Bengaluru, Karnataka. Pin-560051 (India)",2024-02-16,27,-1
"Central Street, Shivaji Nagar, Bengaluru, Karnataka. Pin-560001 (India)",2024-01-22,67,-1
"Central Street, Shivaji Nagar, Bengaluru, Karnataka. Pin-560001 (India)",2024-01-24,47,-1
"Central Street, Shivaji Nagar, Bengaluru, Karnataka. Pin-560001 (India)",2024-01-26,24,-1
"Chinmaya Mission Hospital Road, KFC Circle, Indiranagar, Bengaluru, Karnataka. Pin-560038 (India)",2024-03-08,44,-1
"Chord Road, Manuvana, Vijaya Nagar, Bengaluru, Karnataka. Pin-560040 (India)",2023-11-30,24,-1
"Chord Road, Manuvana, Vijaya Nagar, Bengaluru, Karnataka. Pin-560040 (India)",2024-01-10,27,-1
"Chord Road, Manuvana, Vijaya Nagar, Bengaluru, Karnataka. Pin-560040 (India)",2024-01-23,25,-1
"Chord Road, Manuvana, Vijaya Nagar, Bengaluru, Karnataka. Pin-560040 (India)",2024-01-29,40,-1
"Chord Road, Manuvana, Vijaya Nagar, Bengaluru, Karnataka. Pin-560040 (India)",2024-01-30,59,-1
"Chord Road, Manuvana, Vijaya Nagar, Bengaluru, Karnataka. Pin-560040 (India)",2024-02-01,28,-1
"Chord Road, Manuvana, Vijaya Nagar, Bengaluru, Karnataka. Pin-560040 (India)",2024-02-02,73,-1
"Chord Road, Manuvana, Vijaya Nagar, Bengaluru, Karnataka. Pin-560040 (India)",2024-02-07,31,-1
"Chord Road, Manuvana, Vijaya Nagar, Bengaluru, Karnataka. Pin-560040 (India)",2024-02-20,28,-1
"Chord Road, Manuvana, Vijaya Nagar, Bengaluru, Karnataka. Pin-560040 (India)",2024-03-01,25,-1
"Chord Road, Manuvana, Vijaya Nagar, Bengaluru, Karnataka. Pin-560040 (India)",2024-03-12,156,-1
"Chord Road, Sindhya Sunshine Apartment, Vijaya Nagar, Bengaluru, Karnataka. Pin-560040 (India)",2024-01-29,40,-1
"Chord Road, Sindhya Sunshine Apartment, Vijaya Nagar, Bengaluru, Karnataka. Pin-560040 (India)",2024-01-30,24,-1
"Chord Road, Sindhya Sunshine Apartment, Vijaya Nagar, Bengaluru, Karnataka. Pin-560040 (India)",2024-02-23,23,-1
"Chord Road, Sindhya Sunshine Apartment, Vijaya Nagar, Bengaluru, Karnataka. Pin-560040 (India)",2024-02-24,37,-1
"Chord Road, Sindhya Sunshine Apartment, Vijaya Nagar, Bengaluru, Karnataka. Pin-560040 (India)",2024-03-15,68,-1
"Chord Road, Sindhya Sunshine Apartment, Vijaya Nagar, Bengaluru, Karnataka. Pin-560040 (India)",2024-03-19,61,-1
"Chord Road, World Trade Centre, Brigade Gateway, Malleshwaram West, Bengaluru, Karnataka. Pin-560055 (India)",2024-03-21,23,-1
"Cunningham Road, Mantri Altiue Apartment, Shivaji Nagar, Bengaluru, Karnataka. Pin-560001 (India)",2024-02-26,34,-1
"Cunningham Road, Mantri Altiue Apartment, Shivaji Nagar, Bengaluru, Karnataka. Pin-560001 (India)",2024-02-27,38,-1
"Cunningham Road, Mantri Altiue Apartment, Shivaji Nagar, Bengaluru, Karnataka. Pin-560001 (India)",2024-02-28,47,-1
"Cunningham Road, Mantri Altiue Apartment, Shivaji Nagar, Bengaluru, Karnataka. Pin-560001 (India)",2024-02-29,33,-1
"Cunningham Road, Mantri Altiue Apartment, Shivaji Nagar, Bengaluru, Karnataka. Pin-560001 (India)",2024-03-01,43,-1
"Cunningham Road, Mantri Altiue Apartment, Shivaji Nagar, Bengaluru, Karnataka. Pin-560001 (India)",2024-03-02,38,-1
"Cunningham Road, Mantri Altiue Apartment, Shivaji Nagar, Bengaluru, Karnataka. Pin-560001 (India)",2024-03-05,35,-1
"Da Ra Bendre Road, Kirloskar Foundry, Yeshwanthpur Suburb Stage 2, Yeshwanthpur, Bengaluru, Karnataka. Pin-560022 (India)",2024-02-03,35,-1
"Da Ra Bendre Road, Kirloskar Foundry, Yeshwanthpur Suburb Stage 2, Yeshwanthpur, Bengaluru, Karnataka. Pin-560022 (India)",2024-02-25,25,-1
"Da Ra Bendre Road, Kirloskar Foundry, Yeshwanthpur Suburb Stage 2, Yeshwanthpur, Bengaluru, Karnataka. Pin-560022 (India)",2024-03-16,39,-1
"Da Ra Bendre Road, Kirloskar Foundry, Yeshwanthpur Suburb Stage 2, Yeshwanthpur, Bengaluru, Karnataka. Pin-560022 (India)",2024-03-18,28,-1
"Da Ra Bendre Road, Kirloskar Foundry, Yeshwanthpur Suburb Stage 2, Yeshwanthpur, Bengaluru, Karnataka. Pin-560022 (India)",2024-04-06,24,-1
"Da Ra Bendre Road, Kirloskar Foundry, Yeshwanthpur Suburb Stage 2, Yeshwanthpur, Bengaluru, Karnataka. Pin-560022 (India)",2024-04-07,23,-1
"Da Ra Bendre Road, Renaissance Temple Apartment, Yeshwanthpur Suburb Stage 2, Yeshwanthpur, Bengaluru, Karnataka. Pin-560022 (India)",2024-02-03,39,-1
"Dickenson Road, Sri Nagamma Devi Circle, Sivanchetti Gardens, Bengaluru, Karnataka. Pin-560042 (India)",2024-02-04,51,-1
"Dickenson Road, Sri Nagamma Devi Circle, Sivanchetti Gardens, Bengaluru, Karnataka. Pin-560042 (India)",2024-02-07,34,-1
"Dickenson Road, Sri Nagamma Devi Circle, Sivanchetti Gardens, Bengaluru, Karnataka. Pin-560042 (India)",2024-02-12,64,-1
"Dickenson Road, Sri Nagamma Devi Circle, Sivanchetti Gardens, Bengaluru, Karnataka. Pin-560042 (India)",2024-02-18,49,-1
"Dickenson Road, Sri Nagamma Devi Circle, Sivanchetti Gardens, Bengaluru, Karnataka. Pin-560042 (India)",2024-02-19,25,-1
"Dickenson Road, Sri Nagamma Devi Circle, Sivanchetti Gardens, Bengaluru, Karnataka. Pin-560042 (India)",2024-03-17,25,-1
"Dickenson Road, Sri Nagamma Devi Circle, Sivanchetti Gardens, Bengaluru, Karnataka. Pin-560042 (India)",2024-03-18,30,-1
"Dickenson Road, Sri Nagamma Devi Circle, Sivanchetti Gardens, Bengaluru, Karnataka. Pin-560042 (India)",2024-03-30,29,-1
"Dickenson Road, Sri Nagamma Devi Circle, Sivanchetti Gardens, Bengaluru, Karnataka. Pin-560042 (India)",2024-03-31,24,-1
"Dickenson Road, Sri Nagamma Devi Circle, Sivanchetti Gardens, Bengaluru, Karnataka. Pin-560042 (India)",2024-04-02,47,-1
"Dickenson Road, Sri Nagamma Devi Circle, Sivanchetti Gardens, Bengaluru, Karnataka. Pin-560042 (India)",2024-04-04,28,-1
"Dickenson Road, Sri Nagamma Devi Circle, Sivanchetti Gardens, Bengaluru, Karnataka. Pin-560042 (India)",2024-04-08,36,-1
"Dispensary Road, Tasker Town, Shivaji Nagar, Bengaluru, Karnataka. Pin-560001 (India)",2024-02-11,38,-1
"Dispensary Road, Tasker Town, Shivaji Nagar, Bengaluru, Karnataka. Pin-560001 (India)",2024-02-12,24,-1
"Dispensary Road, Tasker Town, Shivaji Nagar, Bengaluru, Karnataka. Pin-560001 (India)",2024-02-16,29,-1
"Dispensary Road, Tasker Town, Shivaji Nagar, Bengaluru, Karnataka. Pin-560001 (India)",2024-02-18,42,-1
"Dispensary Road, Tasker Town, Shivaji Nagar, Bengaluru, Karnataka. Pin-560001 (India)",2024-02-19,25,-1
"Dispensary Road, Tasker Town, Shivaji Nagar, Bengaluru, Karnataka. Pin-560001 (India)",2024-03-01,23,-1
"Dispensary Road, Tasker Town, Shivaji Nagar, Bengaluru, Karnataka. Pin-560001 (India)",2024-03-07,30,-1
"Dispensary Road, Tasker Town, Shivaji Nagar, Bengaluru, Karnataka. Pin-560001 (India)",2024-03-17,48,-1
"Dispensary Road, Tasker Town, Shivaji Nagar, Bengaluru, Karnataka. Pin-560001 (India)",2024-03-18,34,-1
"Dispensary Road, Tasker Town, Shivaji Nagar, Bengaluru, Karnataka. Pin-560001 (India)",2024-04-01,43,-1
"Dispensary Road, Tasker Town, Shivaji Nagar, Bengaluru, Karnataka. Pin-560001 (India)",2024-04-07,24,-1
"Dispensary Road, Tasker Town, Shivaji Nagar, Bengaluru, Karnataka. Pin-560001 (India)",2024-04-08,40,-1
"Doddagubbi Road, Chikka Aneppa Layout, Narayanpura, Kothnur Narayanapura, Bengaluru, Karnataka. Pin-560077 (India)",2024-04-07,29,-1
"Domlur Inner Ring Road, HAL Stage 2, Indiranagar, Bengaluru, Karnataka. Pin-560008 (India)",2024-02-07,23,-1
"Dr Ambedkar Road, Shanthaveri Gopalagowda Circle, Gandhi Nagar, Bengaluru, Karnataka. Pin-560001 (India)",2024-03-17,42,-1
"Dr Rajgopal Road, Infantry Towers, Naidu Layout, Sanjay Nagar, Bengaluru, Karnataka. Pin-560094 (India)",2024-02-05,43,-1
"Dr Siddaiah Puranik Marg, Shankarmata Circle, Basaveshwara Nagar, Bengaluru, Karnataka. Pin-560086 (India)",2024-02-02,28,-1
"Dr Vishwesha Teertha Swamy Gala Road, Kathriguppe Circle, Banashankari Stage 3, Bengaluru, Karnataka. Pin-560085 (India)",2024-04-02,43,-1
"Dr Vishwesha Teertha Swamy Gala Road, Kathriguppe Circle, Banashankari Stage 3, Bengaluru, Karnataka. Pin-560085 (India)",2024-04-03,23,-1
"G Narayana Kumar Road, Ashwath Nagar, Bengaluru, Karnataka. Pin-560023 (India)",2024-03-22,26,-1
"G Narayana Kumar Road, Block C, KP Agrahara, Bengaluru, Karnataka. Pin-560023 (India)",2024-04-01,36,-1
"G Narayana Kumar Road, Mallige Thotta, Cholurpalya, Bengaluru, Karnataka. Pin-560023 (India)",2024-03-17,27,-1
"GP Rajarathnam Road, Dr Rajkumar Road 17th Cross Junction, Rajaji Nagar, Bengaluru, Karnataka. Pin-560010 (India)",2024-02-18,29,-1
"Hosa Road, Channakeshava Nagar, Singasandra, Bengaluru, Karnataka. Pin-560100 (India)",2024-02-23,70,-1
"Hosapalya Main Road, BKL Colony, Bommanahalli, Bengaluru, Karnataka. Pin-560068 (India)",2024-02-13,54,-1
"Hosapalya Main Road, S Nazir Sab Layout, HSR Layout, Bengaluru, Karnataka. Pin-560068 (India)",2024-02-10,24,-1
"Hosapalya Main Road, S Nazir Sab Layout, HSR Layout, Bengaluru, Karnataka. Pin-560068 (India)",2024-02-13,35,-1
"Hospital Cross Road, Tasker Town, Shivaji Nagar, Bengaluru, Karnataka. Pin-560001 (India)",2024-02-01,34,-1
"Hospital Cross Road, Tasker Town, Shivaji Nagar, Bengaluru, Karnataka. Pin-560001 (India)",2024-02-11,48,-1
"Hospital Cross Road, Tasker Town, Shivaji Nagar, Bengaluru, Karnataka. Pin-560001 (India)",2024-03-17,29,-1
"Hosur Road, Channakeshava Nagar, Singasandra, Bengaluru, Karnataka. Pin-560100 (India)",2024-02-23,27,-1
"Hosur Road, Salarpuria Sattva Alexandria Tech Park, Veerasandra Industrial Area, Bengaluru, Karnataka. Pin-560100 (India)",2024-02-12,38,-1
"ITPL Main Road, Brigade Tech Gardens, Brookefield, Bengaluru, Karnataka. Pin-560037 (India)",2024-02-05,26,-1
"Jakkur Main Road, Raitarasanthe, Nehru Nagar, Bengaluru, Karnataka. Pin-560064 (India)",2024-02-29,25,-1
"Jakkur Main Road, Raitarasanthe, Nehru Nagar, Bengaluru, Karnataka. Pin-560064 (India)",2024-03-19,37,-1
"Jewellers Street, Quadrant Square, Shivaji Nagar, Bengaluru, Karnataka. Pin-560051 (India)",2024-02-06,25,-1
"KR Main Road, City Market Circle, Bengaluru, Karnataka. Pin-560002 (India)",2024-01-24,30,-1
"KR Main Road, City Market Circle, Bengaluru, Karnataka. Pin-560002 (India)",2024-02-01,54,-1
"KR Main Road, City Market Circle, Bengaluru, Karnataka. Pin-560002 (India)",2024-02-12,51,-1
"KR Main Road, City Market Circle, Bengaluru, Karnataka. Pin-560002 (India)",2024-02-20,24,-1
"KR Main Road, City Market Circle, Bengaluru, Karnataka. Pin-560002 (India)",2024-02-23,23,-1
"KR Main Road, City Market Circle, Bengaluru, Karnataka. Pin-560002 (India)",2024-02-25,29,-1
"KR Main Road, City Market Circle, Bengaluru, Karnataka. Pin-560002 (India)",2024-02-26,25,-1
"KR Main Road, City Market Circle, Bengaluru, Karnataka. Pin-560002 (India)",2024-02-28,25,-1
"KR Main Road, City Market Circle, Bengaluru, Karnataka. Pin-560002 (India)",2024-03-05,59,-1
"KR Main Road, City Market Circle, Bengaluru, Karnataka. Pin-560002 (India)",2024-03-06,26,-1
"KR Main Road, City Market Circle, Bengaluru, Karnataka. Pin-560002 (India)",2024-03-16,34,-1
"KR Main Road, City Market Circle, Bengaluru, Karnataka. Pin-560002 (India)",2024-03-19,24,-1
"KR Main Road, City Market Circle, Bengaluru, Karnataka. Pin-560002 (India)",2024-04-03,33,-1
"KR Main Road, City Market Circle, Bengaluru, Karnataka. Pin-560002 (India)",2024-04-07,28,-1
"Kadubeesanahalli Underpass, Indiqube Alpha, Reddy Layout, Kadubisanahalli, Bengaluru, Karnataka. Pin-560103 (India)",2024-03-07,37,-1
"Kadubeesanahalli Underpass, Kadubisanahalli Junction, Kadubisanahalli, Bengaluru, Karnataka. Pin-560103 (India)",2024-02-14,39,-1
"Kadubeesanahalli Underpass, Kadubisanahalli Junction, Kadubisanahalli, Bengaluru, Karnataka. Pin-560103 (India)",2024-02-15,48,-1
"Kadubeesanahalli Underpass, Kadubisanahalli Junction, Kadubisanahalli, Bengaluru, Karnataka. Pin-560103 (India)",2024-02-17,77,-1
"Kadubeesanahalli Underpass, Kadubisanahalli Junction, Kadubisanahalli, Bengaluru, Karnataka. Pin-560103 (India)",2024-03-12,25,-1
"Kalasipalyam Main Road, City Market Circle, Bengaluru, Karnataka. Pin-560002 (India)",2024-02-07,46,-1
"Kalasipalyam Main Road, City Market Circle, Bengaluru, Karnataka. Pin-560002 (India)",2024-02-12,24,-1
"Kalasipalyam Main Road, City Market Circle, Bengaluru, Karnataka. Pin-560002 (India)",2024-04-04,28,-1
"Kamaraj Road, Sri Nagamma Devi Circle, Sivanchetti Gardens, Bengaluru, Karnataka. Pin-560042 (India)",2024-02-02,25,-1
"Kamaraj Road, Sri Nagamma Devi Circle, Sivanchetti Gardens, Bengaluru, Karnataka. Pin-560042 (India)",2024-02-04,32,-1
"Kamaraj Road, Sri Nagamma Devi Circle, Sivanchetti Gardens, Bengaluru, Karnataka. Pin-560042 (India)",2024-02-05,27,-1
"Kamaraj Road, Sri Nagamma Devi Circle, Sivanchetti Gardens, Bengaluru, Karnataka. Pin-560042 (India)",2024-02-07,23,-1
"Kamaraj Road, Sri Nagamma Devi Circle, Sivanchetti Gardens, Bengaluru, Karnataka. Pin-560042 (India)",2024-02-11,28,-1
"Kamaraj Road, Sri Nagamma Devi Circle, Sivanchetti Gardens, Bengaluru, Karnataka. Pin-560042 (India)",2024-02-12,59,-1
"Kamaraj Road, Sri Nagamma Devi Circle, Sivanchetti Gardens, Bengaluru, Karnataka. Pin-560042 (India)",2024-02-16,39,-1
"Kamaraj Road, Sri Nagamma Devi Circle, Sivanchetti Gardens, Bengaluru, Karnataka. Pin-560042 (India)",2024-02-18,45,-1
"Kamaraj Road, Sri Nagamma Devi Circle, Sivanchetti Gardens, Bengaluru, Karnataka. Pin-560042 (India)",2024-02-19,43,-1
"Kamaraj Road, Sri Nagamma Devi Circle, Sivanchetti Gardens, Bengaluru, Karnataka. Pin-560042 (India)",2024-02-21,28,-1
"Kamaraj Road, Sri Nagamma Devi Circle, Sivanchetti Gardens, Bengaluru, Karnataka. Pin-560042 (India)",2024-02-28,23,-1
"Kamaraj Road, Sri Nagamma Devi Circle, Sivanchetti Gardens, Bengaluru, Karnataka. Pin-560042 (India)",2024-02-29,23,-1
"Kamaraj Road, Sri Nagamma Devi Circle, Sivanchetti Gardens, Bengaluru, Karnataka. Pin-560042 (India)",2024-03-01,36,-1
"Kamaraj Road, Sri Nagamma Devi Circle, Sivanchetti Gardens, Bengaluru, Karnataka. Pin-560042 (India)",2024-03-03,44,-1
"Kamaraj Road, Sri Nagamma Devi Circle, Sivanchetti Gardens, Bengaluru, Karnataka. Pin-560042 (India)",2024-03-06,23,-1
"Kamaraj Road, Sri Nagamma Devi Circle, Sivanchetti Gardens, Bengaluru, Karnataka. Pin-560042 (India)",2024-03-09,24,-1
"Kamaraj Road, Sri Nagamma Devi Circle, Sivanchetti Gardens, Bengaluru, Karnataka. Pin-560042 (India)",2024-03-10,26,-1
"Kamaraj Road, Sri Nagamma Devi Circle, Sivanchetti Gardens, Bengaluru, Karnataka. Pin-560042 (India)",2024-03-12,23,-1
"Kamaraj Road, Sri Nagamma Devi Circle, Sivanchetti Gardens, Bengaluru, Karnataka. Pin-560042 (India)",2024-03-17,45,-1
"Kamaraj Road, Sri Nagamma Devi Circle, Sivanchetti Gardens, Bengaluru, Karnataka. Pin-560042 (India)",2024-03-18,76,-1
"Kamaraj Road, Sri Nagamma Devi Circle, Sivanchetti Gardens, Bengaluru, Karnataka. Pin-560042 (India)",2024-03-28,38,-1
"Kamaraj Road, Sri Nagamma Devi Circle, Sivanchetti Gardens, Bengaluru, Karnataka. Pin-560042 (India)",2024-03-30,76,-1
"Kamaraj Road, Sri Nagamma Devi Circle, Sivanchetti Gardens, Bengaluru, Karnataka. Pin-560042 (India)",2024-04-02,61,-1
"Kamaraj Road, Sri Nagamma Devi Circle, Sivanchetti Gardens, Bengaluru, Karnataka. Pin-560042 (India)",2024-04-04,53,-1
"Kamaraj Road, Sri Nagamma Devi Circle, Sivanchetti Gardens, Bengaluru, Karnataka. Pin-560042 (India)",2024-04-07,32,-1
"Kamaraj Road, Sri Nagamma Devi Circle, Sivanchetti Gardens, Bengaluru, Karnataka. Pin-560042 (India)",2024-04-08,37,-1
"Kariyammana Agrahara Road, Prestige Silver Crest, Kadubisanahalli, Bengaluru, Karnataka. Pin-560103 (India)",2024-02-22,25,-1
"Kariyammana Agrahara Road, Prestige Silver Crest, Kadubisanahalli, Bengaluru, Karnataka. Pin-560103 (India)",2024-03-01,28,-1
"Kempapura Main Road, Esteem Mall, Hebbal Kempapura, Bengaluru, Karnataka. Pin-560024 (India)",2024-02-10,26,-1
"Kempegowda Road, Kempe Gowda Circle, Gandhi Nagar, Bengaluru, Karnataka. Pin-560009 (India)",2024-02-19,67,-1
"MBT Road, Brigade Golden Triangle, Sannatammanahalli, Bengaluru, Karnataka. Pin-560049 (India)",2024-02-12,24,-1
"MBT Road, Devasandra Junction, KR Puram, Bengaluru, Karnataka. Pin-560036 (India)",2024-02-01,34,-1
"MBT Road, Devasandra Junction, KR Puram, Bengaluru, Karnataka. Pin-560036 (India)",2024-02-04,30,-1
"MBT Road, Devasandra Junction, KR Puram, Bengaluru, Karnataka. Pin-560036 (India)",2024-02-09,57,-1
"MBT Road, Devasandra Junction, KR Puram, Bengaluru, Karnataka. Pin-560036 (India)",2024-02-10,37,-1
"MBT Road, Devasandra Junction, KR Puram, Bengaluru, Karnataka. Pin-560036 (India)",2024-02-11,24,-1
"MBT Road, Devasandra Junction, KR Puram, Bengaluru, Karnataka. Pin-560036 (India)",2024-02-15,32,-1
"MBT Road, Devasandra Junction, KR Puram, Bengaluru, Karnataka. Pin-560036 (India)",2024-02-18,55,-1
"MBT Road, Devasandra Junction, KR Puram, Bengaluru, Karnataka. Pin-560036 (India)",2024-02-19,25,-1
"MBT Road, Devasandra Junction, KR Puram, Bengaluru, Karnataka. Pin-560036 (India)",2024-02-21,52,-1
"MBT Road, Devasandra Junction, KR Puram, Bengaluru, Karnataka. Pin-560036 (India)",2024-02-28,48,-1
"MBT Road, Devasandra Junction, KR Puram, Bengaluru, Karnataka. Pin-560036 (India)",2024-03-02,32,-1
"MBT Road, Devasandra Junction, KR Puram, Bengaluru, Karnataka. Pin-560036 (India)",2024-03-04,35,-1
"MBT Road, Devasandra Junction, KR Puram, Bengaluru, Karnataka. Pin-560036 (India)",2024-03-06,24,-1
"MBT Road, Devasandra Junction, KR Puram, Bengaluru, Karnataka. Pin-560036 (India)",2024-03-07,27,-1
"MBT Road, Devasandra Junction, KR Puram, Bengaluru, Karnataka. Pin-560036 (India)",2024-03-09,41,-1
"MBT Road, Devasandra Junction, KR Puram, Bengaluru, Karnataka. Pin-560036 (India)",2024-03-17,31,-1
"MBT Road, Devasandra Junction, KR Puram, Bengaluru, Karnataka. Pin-560036 (India)",2024-03-18,37,-1
"MBT Road, Devasandra Junction, KR Puram, Bengaluru, Karnataka. Pin-560036 (India)",2024-03-19,49,-1
"MBT Road, Devasandra Junction, KR Puram, Bengaluru, Karnataka. Pin-560036 (India)",2024-03-20,29,-1
"MBT Road, Devasandra Junction, KR Puram, Bengaluru, Karnataka. Pin-560036 (India)",2024-03-21,33,-1
"MBT Road, Devasandra Junction, KR Puram, Bengaluru, Karnataka. Pin-560036 (India)",2024-04-05,33,-1
"MBT Road, Devasandra Junction, KR Puram, Bengaluru, Karnataka. Pin-560036 (India)",2024-04-06,65,-1
"MBT Road, Devasandra Junction, KR Puram, Bengaluru, Karnataka. Pin-560036 (India)",2024-04-07,112,-1
"MBT Road, Kotturu, Dooravani Nagar, Bengaluru, Karnataka. Pin-560016 (India)",2024-02-08,26,-1
"MBT Road, Kotturu, Dooravani Nagar, Bengaluru, Karnataka. Pin-560016 (India)",2024-02-13,68,-1
"MBT Road, Royal Heritage, Pai Layout, Mahadevapura, Bengaluru, Karnataka. Pin-560016 (India)",2024-03-08,23,-1
"MBT Road, SM Layout, Dooravani Nagar, Bengaluru, Karnataka. Pin-560016 (India)",2024-02-02,24,-1
"MBT Road, SM Layout, Dooravani Nagar, Bengaluru, Karnataka. Pin-560016 (India)",2024-03-03,24,-1
"MPV Road, Chandni Chowk, Bengaluru, Karnataka. Pin-560051 (India)",2024-02-04,54,-1
"MPV Road, Chandni Chowk, Bengaluru, Karnataka. Pin-560051 (India)",2024-02-12,31,-1
"Magadi Main Road, Hanumantharayan Palya, Sunkadakatte, Bengaluru, Karnataka. Pin-560091 (India)",2024-03-17,27,-1
"Main Guard Cross Road, Tasker Town, Shivaji Nagar, Bengaluru, Karnataka. Pin-560001 (India)",2024-01-24,31,-1
"Main Guard Cross Road, Tasker Town, Shivaji Nagar, Bengaluru, Karnataka. Pin-560001 (India)",2024-02-12,25,-1
"Main Guard Cross Road, Tasker Town, Shivaji Nagar, Bengaluru, Karnataka. Pin-560001 (India)",2024-02-20,33,-1
"Main Guard Cross Road, Tasker Town, Shivaji Nagar, Bengaluru, Karnataka. Pin-560001 (India)",2024-02-23,32,-1
"Main Guard Cross Road, Tasker Town, Shivaji Nagar, Bengaluru, Karnataka. Pin-560001 (India)",2024-02-27,29,-1
"Main Guard Cross Road, Tasker Town, Shivaji Nagar, Bengaluru, Karnataka. Pin-560001 (India)",2024-03-02,30,-1
"Main Guard Cross Road, Tasker Town, Shivaji Nagar, Bengaluru, Karnataka. Pin-560001 (India)",2024-03-03,31,-1
"Main Guard Cross Road, Tasker Town, Shivaji Nagar, Bengaluru, Karnataka. Pin-560001 (India)",2024-03-15,32,-1
"Main Guard Cross Road, Tasker Town, Shivaji Nagar, Bengaluru, Karnataka. Pin-560001 (India)",2024-03-29,71,-1
"Main Guard Cross Road, Tasker Town, Shivaji Nagar, Bengaluru, Karnataka. Pin-560001 (India)",2024-03-30,30,-1
"Main Guard Cross Road, Tasker Town, Shivaji Nagar, Bengaluru, Karnataka. Pin-560001 (India)",2024-04-02,31,-1
"Major T Ramachandrappa Road, AT Extension, Gandhi Nagar, Bengaluru, Karnataka. Pin-560009 (India)",2024-04-07,26,-1
"Major T Ramachandrappa Road, Elite Junction, Gandhi Nagar, Bengaluru, Karnataka. Pin-560009 (India)",2024-03-08,23,-1
"Marathahalli Underpass, Marathahalli, Bengaluru, Karnataka. Pin-560037 (India)",2024-02-09,23,-1
"Meenakshi Koil Street, Shivaji Nagar, Bengaluru, Karnataka. Pin-560001 (India)",2024-01-22,40,-1
"Meenakshi Koil Street, Shivaji Nagar, Bengaluru, Karnataka. Pin-560001 (India)",2024-01-24,38,-1
"Meenakshi Koil Street, Shivaji Nagar, Bengaluru, Karnataka. Pin-560001 (India)",2024-02-11,45,-1
"Meenakshi Koil Street, Shivaji Nagar, Bengaluru, Karnataka. Pin-560001 (India)",2024-02-19,34,-1
"Meenakshi Koil Street, Shivaji Nagar, Bengaluru, Karnataka. Pin-560001 (India)",2024-02-25,23,-1
"Meenakshi Koil Street, Shivaji Nagar, Bengaluru, Karnataka. Pin-560001 (India)",2024-03-08,31,-1
"Meenakshi Koil Street, Shivaji Nagar, Bengaluru, Karnataka. Pin-560001 (India)",2024-03-15,34,-1
"Meenakshi Koil Street, Shivaji Nagar, Bengaluru, Karnataka. Pin-560001 (India)",2024-03-21,30,-1
"Meenakshi Koil Street, Shivaji Nagar, Bengaluru, Karnataka. Pin-560001 (India)",2024-03-28,53,-1
"Meenakshi Koil Street, Shivaji Nagar, Bengaluru, Karnataka. Pin-560001 (India)",2024-03-30,57,-1
"Meenakshi Koil Street, Shivaji Nagar, Bengaluru, Karnataka. Pin-560001 (India)",2024-03-31,52,-1
"Mims Gulmohar Road, Gulmohar, Whitefield, Bengaluru, Karnataka. Pin-560066 (India)",2024-02-28,30,-1
"Mysore Road, Chanda Nagar, Sultanpete, Bengaluru, Karnataka. Pin-560053 (India)",2024-02-02,28,-1
"Mysore Road, City Market Circle, Bengaluru, Karnataka. Pin-560002 (India)",2024-02-26,29,-1
"Mysore Road, City Market Circle, Bengaluru, Karnataka. Pin-560002 (India)",2024-03-02,30,-1
"Mysore Road, City Market Circle, Bengaluru, Karnataka. Pin-560002 (India)",2024-03-06,26,-1
"Mysore Road, Satellite Bus Stand Junction, New Timber Yard Layout, Bengaluru, Karnataka. Pin-560026 (India)",2024-01-22,24,-1
"Mysore Road, Satellite Bus Stand Junction, New Timber Yard Layout, Bengaluru, Karnataka. Pin-560026 (India)",2024-02-01,23,-1
"Mysore Road, Satellite Bus Stand Junction, New Timber Yard Layout, Bengaluru, Karnataka. Pin-560026 (India)",2024-02-15,25,-1
"Mysore Road, Sri Krishna Rajendra Market, Chickpete, Bengaluru, Karnataka. Pin-560002 (India)",2024-01-24,38,-1
"Mysore Road, Sri Krishna Rajendra Market, Chickpete, Bengaluru, Karnataka. Pin-560002 (India)",2024-01-25,28,-1
"Mysore Road, Sri Krishna Rajendra Market, Chickpete, Bengaluru, Karnataka. Pin-560002 (India)",2024-02-15,25,-1
"Mysore Road, Sri Krishna Rajendra Market, Chickpete, Bengaluru, Karnataka. Pin-560002 (India)",2024-02-19,54,-1
"Mysore Road, Sri Krishna Rajendra Market, Chickpete, Bengaluru, Karnataka. Pin-560002 (India)",2024-02-20,27,-1
"Mysore Road, Sri Krishna Rajendra Market, Chickpete, Bengaluru, Karnataka. Pin-560002 (India)",2024-02-21,27,-1
"Mysore Road, Sri Krishna Rajendra Market, Chickpete, Bengaluru, Karnataka. Pin-560002 (India)",2024-02-25,70,-1
"Mysore Road, Sri Krishna Rajendra Market, Chickpete, Bengaluru, Karnataka. Pin-560002 (India)",2024-02-26,47,-1
"Mysore Road, Sri Krishna Rajendra Market, Chickpete, Bengaluru, Karnataka. Pin-560002 (India)",2024-02-27,38,-1
"Mysore Road, Sri Krishna Rajendra Market, Chickpete, Bengaluru, Karnataka. Pin-560002 (India)",2024-02-29,33,-1
"Mysore Road, Sri Krishna Rajendra Market, Chickpete, Bengaluru, Karnataka. Pin-560002 (India)",2024-03-02,36,-1
"Mysore Road, Sri Krishna Rajendra Market, Chickpete, Bengaluru, Karnataka. Pin-560002 (India)",2024-03-03,34,-1
"Mysore Road, Sri Krishna Rajendra Market, Chickpete, Bengaluru, Karnataka. Pin-560002 (India)",2024-03-07,24,-1
"Mysore Road, Sri Krishna Rajendra Market, Chickpete, Bengaluru, Karnataka. Pin-560002 (India)",2024-03-10,46,-1
"Mysore Road, Sri Krishna Rajendra Market, Chickpete, Bengaluru, Karnataka. Pin-560002 (India)",2024-03-16,48,-1
"Mysore Road, Sri Krishna Rajendra Market, Chickpete, Bengaluru, Karnataka. Pin-560002 (India)",2024-04-06,24,-1
"Neeladri Road, Ajmera Annex, Karuna Nagar, Doddathogur, Bengaluru, Karnataka. Pin-560100 (India)",2024-02-15,53,-1
"Neeladri Road, Ajmera Annex, Karuna Nagar, Doddathogur, Bengaluru, Karnataka. Pin-560100 (India)",2024-02-19,32,-1
"Neeladri Road, Ajmera Annex, Karuna Nagar, Doddathogur, Bengaluru, Karnataka. Pin-560100 (India)",2024-02-24,42,-1
"Neeladri Road, Ajmera Annex, Karuna Nagar, Doddathogur, Bengaluru, Karnataka. Pin-560100 (India)",2024-03-10,32,-1
"Neeladri Road, Neeladri Nagar, Electronic City, Bengaluru, Karnataka. Pin-560100 (India)",2024-03-17,24,-1
"Neeladri Road, Neeladri Nagar, Electronic City, Bengaluru, Karnataka. Pin-560100 (India)",2024-03-31,23,-1
"Neeladri Road, Neeladri Nagar, Electronic City, Bengaluru, Karnataka. Pin-560100 (India)",2024-04-07,27,-1
"New Horizon College Road, Embassy Tech Village, Devara Beesana Halli, Bengaluru, Karnataka. Pin-560103 (India)",2024-01-11,42,-1
"New Horizon College Road, Embassy Tech Village, Devara Beesana Halli, Bengaluru, Karnataka. Pin-560103 (India)",2024-01-29,37,-1
"New Horizon College Road, Embassy Tech Village, Devara Beesana Halli, Bengaluru, Karnataka. Pin-560103 (India)",2024-02-05,26,-1
"New Horizon College Road, Embassy Tech Village, Devara Beesana Halli, Bengaluru, Karnataka. Pin-560103 (India)",2024-02-13,31,-1
"New Horizon College Road, Embassy Tech Village, Devara Beesana Halli, Bengaluru, Karnataka. Pin-560103 (India)",2024-02-14,47,-1
"New Horizon College Road, Embassy Tech Village, Devara Beesana Halli, Bengaluru, Karnataka. Pin-560103 (India)",2024-02-20,33,-1
"New Horizon College Road, Embassy Tech Village, Devara Beesana Halli, Bengaluru, Karnataka. Pin-560103 (India)",2024-02-22,110,-1
"New Horizon College Road, Embassy Tech Village, Devara Beesana Halli, Bengaluru, Karnataka. Pin-560103 (India)",2024-02-23,47,-1
"New Horizon College Road, Embassy Tech Village, Devara Beesana Halli, Bengaluru, Karnataka. Pin-560103 (India)",2024-02-24,48,-1
"New Horizon College Road, Embassy Tech Village, Devara Beesana Halli, Bengaluru, Karnataka. Pin-560103 (India)",2024-03-02,69,-1
"New Horizon College Road, Embassy Tech Village, Devara Beesana Halli, Bengaluru, Karnataka. Pin-560103 (India)",2024-03-07,24,-1
"New Horizon College Road, Embassy Tech Village, Devara Beesana Halli, Bengaluru, Karnataka. Pin-560103 (India)",2024-03-12,57,-1
"New Horizon College Road, Embassy Tech Village, Devara Beesana Halli, Bengaluru, Karnataka. Pin-560103 (India)",2024-03-22,38,-1
"New Horizon College Road, Embassy Tech Village, Devara Beesana Halli, Bengaluru, Karnataka. Pin-560103 (India)",2024-03-28,30,-1
"New Horizon College Road, New Horizon College of Engineering, Kadubisanahalli, Bengaluru, Karnataka. Pin-560103 (India)",2024-01-10,36,-1
"New Horizon College Road, New Horizon College of Engineering, Kadubisanahalli, Bengaluru, Karnataka. Pin-560103 (India)",2024-01-11,68,-1
"New Horizon College Road, New Horizon College of Engineering, Kadubisanahalli, Bengaluru, Karnataka. Pin-560103 (India)",2024-01-12,64,-1
"New Horizon College Road, New Horizon College of Engineering, Kadubisanahalli, Bengaluru, Karnataka. Pin-560103 (India)",2024-01-24,39,-1
"New Horizon College Road, New Horizon College of Engineering, Kadubisanahalli, Bengaluru, Karnataka. Pin-560103 (India)",2024-02-03,49,-1
"New Horizon College Road, New Horizon College of Engineering, Kadubisanahalli, Bengaluru, Karnataka. Pin-560103 (India)",2024-02-05,58,-1
"New Horizon College Road, New Horizon College of Engineering, Kadubisanahalli, Bengaluru, Karnataka. Pin-560103 (India)",2024-02-06,47,-1
"New Horizon College Road, New Horizon College of Engineering, Kadubisanahalli, Bengaluru, Karnataka. Pin-560103 (India)",2024-02-07,67,-1
"New Horizon College Road, New Horizon College of Engineering, Kadubisanahalli, Bengaluru, Karnataka. Pin-560103 (India)",2024-02-13,64,-1
"New Horizon College Road, New Horizon College of Engineering, Kadubisanahalli, Bengaluru, Karnataka. Pin-560103 (India)",2024-02-14,46,-1
"New Horizon College Road, New Horizon College of Engineering, Kadubisanahalli, Bengaluru, Karnataka. Pin-560103 (India)",2024-02-15,66,-1
"New Horizon College Road, New Horizon College of Engineering, Kadubisanahalli, Bengaluru, Karnataka. Pin-560103 (India)",2024-02-16,30,-1
"New Horizon College Road, New Horizon College of Engineering, Kadubisanahalli, Bengaluru, Karnataka. Pin-560103 (India)",2024-02-20,38,-1
"New Horizon College Road, New Horizon College of Engineering, Kadubisanahalli, Bengaluru, Karnataka. Pin-560103 (India)",2024-02-21,35,-1
"New Horizon College Road, New Horizon College of Engineering, Kadubisanahalli, Bengaluru, Karnataka. Pin-560103 (India)",2024-02-22,53,-1
"New Horizon College Road, New Horizon College of Engineering, Kadubisanahalli, Bengaluru, Karnataka. Pin-560103 (India)",2024-02-23,247,-1
"New Horizon College Road, New Horizon College of Engineering, Kadubisanahalli, Bengaluru, Karnataka. Pin-560103 (India)",2024-02-27,27,-1
"New Horizon College Road, New Horizon College of Engineering, Kadubisanahalli, Bengaluru, Karnataka. Pin-560103 (India)",2024-02-28,23,-1
"New Horizon College Road, New Horizon College of Engineering, Kadubisanahalli, Bengaluru, Karnataka. Pin-560103 (India)",2024-03-01,89,-1
"New Horizon College Road, New Horizon College of Engineering, Kadubisanahalli, Bengaluru, Karnataka. Pin-560103 (India)",2024-03-05,26,-1
"New Horizon College Road, New Horizon College of Engineering, Kadubisanahalli, Bengaluru, Karnataka. Pin-560103 (India)",2024-03-06,36,-1
"New Horizon College Road, New Horizon College of Engineering, Kadubisanahalli, Bengaluru, Karnataka. Pin-560103 (India)",2024-03-11,44,-1
"New Horizon College Road, New Horizon College of Engineering, Kadubisanahalli, Bengaluru, Karnataka. Pin-560103 (India)",2024-03-12,60,-1
"New Horizon College Road, New Horizon College of Engineering, Kadubisanahalli, Bengaluru, Karnataka. Pin-560103 (India)",2024-03-15,154,-1
"New Horizon College Road, New Horizon College of Engineering, Kadubisanahalli, Bengaluru, Karnataka. Pin-560103 (India)",2024-03-21,35,-1
"New Horizon College Road, New Horizon College of Engineering, Kadubisanahalli, Bengaluru, Karnataka. Pin-560103 (India)",2024-03-22,38,-1
"New Horizon College Road, New Horizon College of Engineering, Kadubisanahalli, Bengaluru, Karnataka. Pin-560103 (India)",2024-03-28,59,-1
"O Shaughnessy Road, Divyasree Chambers, Langford Garden, Richmond Town, Bengaluru, Karnataka. Pin-560025 (India)",2024-02-29,47,-1
"Old Madras Road, Royal Heritage, Pai Layout, Mahadevapura, Bengaluru, Karnataka. Pin-560016 (India)",2024-02-15,33,-1
"Old Madras Road, Royal Heritage, Pai Layout, Mahadevapura, Bengaluru, Karnataka. Pin-560016 (India)",2024-03-01,28,-1
"Old Madras Road, Royal Heritage, Pai Layout, Mahadevapura, Bengaluru, Karnataka. Pin-560016 (India)",2024-03-22,30,-1
"Outer Ring Road, Bellandur Circle, Bellandur, Bengaluru, Karnataka. Pin-560103 (India)",2024-02-07,29,-1
"Outer Ring Road, Kotturu, Dooravani Nagar, Bengaluru, Karnataka. Pin-560016 (India)",2024-02-08,31,-1
"Outer Ring Road, Kotturu, Dooravani Nagar, Bengaluru, Karnataka. Pin-560016 (India)",2024-02-13,23,-1
"Outer Ring Road, Prestige Silver Crest, Kadubisanahalli, Bengaluru, Karnataka. Pin-560103 (India)",2024-03-14,45,-1
"Outer Ring Road, Prestige Silver Crest, Kadubisanahalli, Bengaluru, Karnataka. Pin-560103 (India)",2024-03-15,23,-1
"Outer Ring Road, Rajiv Nagar, Kadubisanahalli, Bengaluru, Karnataka. Pin-560103 (India)",2024-02-01,29,-1
"Outer Ring Road, Saffron Square, Kariyammana Agrahara, Bengaluru, Karnataka. Pin-560103 (India)",2024-02-20,23,-1
"Outer Ring Road, Saffron Square, Kariyammana Agrahara, Bengaluru, Karnataka. Pin-560103 (India)",2024-03-08,27,-1
"Outer Ring Road, Saffron Square, Kariyammana Agrahara, Bengaluru, Karnataka. Pin-560103 (India)",2024-03-12,40,-1
"Outer Ring Road, Soulspace Paradigm, Marathahalli Village, Marathahalli, Bengaluru, Karnataka. Pin-560037 (India)",2024-02-22,26,-1
"Outer Ring Road, Vajram Esteva, Devara Beesana Halli, Bengaluru, Karnataka. Pin-560103 (India)",2024-04-04,23,-1
"Outer Ring Road, Vajram Onyx, Devara Beesana Halli, Bengaluru, Karnataka. Pin-560103 (India)",2024-02-22,106,-1
"Outer Ring Road, Vajram Onyx, Devara Beesana Halli, Bengaluru, Karnataka. Pin-560103 (India)",2024-03-01,25,-1
"Outer Ring Road, Venkatappa Colony, Mahadevapura, Bengaluru, Karnataka. Pin-560016 (India)",2024-02-12,29,-1
"Outer Ring Road, Venkatappa Colony, Mahadevapura, Bengaluru, Karnataka. Pin-560016 (India)",2024-03-12,23,-1
"Outer Ring Road, Venkatappa Colony, Mahadevapura, Bengaluru, Karnataka. Pin-560016 (India)",2024-03-15,33,-1
"P&T Road, BSNL Quarters, Block 2, Rajaji Nagar, Bengaluru, Karnataka. Pin-560010 (India)",2024-04-07,26,-1
"Padmabhushan Dr MC Modi Road, Phase 1, Manjunatha Nagar, Rajaji Nagar, Bengaluru, Karnataka. Pin-560010 (India)",2024-02-18,57,-1
"Padmabhushan Dr MC Modi Road, Phase 1, Manjunatha Nagar, Rajaji Nagar, Bengaluru, Karnataka. Pin-560010 (India)",2024-02-22,27,-1
"Padmabhushan Dr MC Modi Road, Star Circle, Rajaji Nagar, Bengaluru, Karnataka. Pin-560010 (India)",2024-02-18,25,-1
"Padmabhushan Dr MC Modi Road, Star Circle, Rajaji Nagar, Bengaluru, Karnataka. Pin-560010 (India)",2024-04-07,27,-1
"Pailwan M Krishnappa Road, Shoukath Mohalla, Nagartapete, Bengaluru, Karnataka. Pin-560002 (India)",2024-02-03,30,-1
"Pailwan M Krishnappa Road, Shoukath Mohalla, Nagartapete, Bengaluru, Karnataka. Pin-560002 (India)",2024-02-06,35,-1
"Pailwan M Krishnappa Road, Shoukath Mohalla, Nagartapete, Bengaluru, Karnataka. Pin-560002 (India)",2024-02-07,27,-1
"Pailwan M Krishnappa Road, Shoukath Mohalla, Nagartapete, Bengaluru, Karnataka. Pin-560002 (India)",2024-02-08,63,-1
"Pailwan M Krishnappa Road, Shoukath Mohalla, Nagartapete, Bengaluru, Karnataka. Pin-560002 (India)",2024-02-09,24,-1
"Pailwan M Krishnappa Road, Shoukath Mohalla, Nagartapete, Bengaluru, Karnataka. Pin-560002 (India)",2024-02-10,28,-1
"Pailwan M Krishnappa Road, Shoukath Mohalla, Nagartapete, Bengaluru, Karnataka. Pin-560002 (India)",2024-02-11,48,-1
"Pailwan M Krishnappa Road, Shoukath Mohalla, Nagartapete, Bengaluru, Karnataka. Pin-560002 (India)",2024-02-15,25,-1
"Pailwan M Krishnappa Road, Shoukath Mohalla, Nagartapete, Bengaluru, Karnataka. Pin-560002 (India)",2024-02-23,25,-1
"Pailwan M Krishnappa Road, Shoukath Mohalla, Nagartapete, Bengaluru, Karnataka. Pin-560002 (India)",2024-03-19,55,-1
"Pailwan M Krishnappa Road, Shoukath Mohalla, Nagartapete, Bengaluru, Karnataka. Pin-560002 (India)",2024-03-21,33,-1
"Pailwan M Krishnappa Road, Shoukath Mohalla, Nagartapete, Bengaluru, Karnataka. Pin-560002 (India)",2024-03-30,27,-1
"Pailwan M Krishnappa Road, Shoukath Mohalla, Nagartapete, Bengaluru, Karnataka. Pin-560002 (India)",2024-04-03,33,-1
"Palace Road, Kumar Park, Vasant Nagar, Bengaluru, Karnataka. Pin-560001 (India)",2024-02-06,79,-1
"Panathur Main Road, Indiqube Alpha, Reddy Layout, Kadubisanahalli, Bengaluru, Karnataka. Pin-560103 (India)",2024-02-27,29,-1
"Panathur Main Road, Mariyappa Layout, Kadubisanahalli, Bengaluru, Karnataka. Pin-560103 (India)",2024-02-06,39,-1
"Parappana Agrahara Main Road, Channakeshava Nagar, Singasandra, Bengaluru, Karnataka. Pin-560100 (India)",2024-02-24,31,-1
"Pipeline Road, Dr Rajkumar Road 17th Cross Junction, Rajaji Nagar, Bengaluru, Karnataka. Pin-560010 (India)",2024-02-23,23,-1
"Raintree Boulevard Internal Road, L&T Tech Park, Byatarayanapura, Bengaluru, Karnataka. Pin-560092 (India)",2024-04-08,31,-1
"Rao Bahadur DGT Road, Majestic Circle, Majestic, Bengaluru, Karnataka. Pin-560023 (India)",2024-03-02,83,-1
"Rao Bahadur DGT Road, Majestic Circle, Majestic, Bengaluru, Karnataka. Pin-560023 (India)",2024-03-05,28,-1
"Rao Bahadur DGT Road, Majestic Circle, Majestic, Bengaluru, Karnataka. Pin-560023 (India)",2024-04-07,23,-1
"Residency Road, ACR Towers, Shanthala Nagar, Bengaluru, Karnataka. Pin-560001 (India)",2024-02-04,33,-1
"Residency Road, ACR Towers, Shanthala Nagar, Bengaluru, Karnataka. Pin-560001 (India)",2024-02-10,23,-1
"Sahakar Nagar Road, Fortuna Acacia, Byatarayanapura, Bengaluru, Karnataka. Pin-560092 (India)",2024-02-08,53,-1
"Sahakar Nagar Road, Fortuna Acacia, Byatarayanapura, Bengaluru, Karnataka. Pin-560092 (India)",2024-02-09,34,-1
"Sahakar Nagar Road, Fortuna Acacia, Byatarayanapura, Bengaluru, Karnataka. Pin-560092 (India)",2024-02-10,92,-1
"Sahakar Nagar Road, Fortuna Acacia, Byatarayanapura, Bengaluru, Karnataka. Pin-560092 (India)",2024-02-12,31,-1
"Sahakar Nagar Road, Fortuna Acacia, Byatarayanapura, Bengaluru, Karnataka. Pin-560092 (India)",2024-02-13,29,-1
"Sahakar Nagar Road, Fortuna Acacia, Byatarayanapura, Bengaluru, Karnataka. Pin-560092 (India)",2024-02-14,49,-1
"Sahakar Nagar Road, Fortuna Acacia, Byatarayanapura, Bengaluru, Karnataka. Pin-560092 (India)",2024-02-15,30,-1
"Sahakar Nagar Road, Fortuna Acacia, Byatarayanapura, Bengaluru, Karnataka. Pin-560092 (India)",2024-02-18,40,-1
"Sahakar Nagar Road, Fortuna Acacia, Byatarayanapura, Bengaluru, Karnataka. Pin-560092 (India)",2024-02-19,55,-1
"Sahakar Nagar Road, Fortuna Acacia, Byatarayanapura, Bengaluru, Karnataka. Pin-560092 (India)",2024-02-21,31,-1
"Sahakar Nagar Road, Fortuna Acacia, Byatarayanapura, Bengaluru, Karnataka. Pin-560092 (India)",2024-02-22,31,-1
"Sahakar Nagar Road, Fortuna Acacia, Byatarayanapura, Bengaluru, Karnataka. Pin-560092 (India)",2024-02-24,42,-1
"Sahakar Nagar Road, Fortuna Acacia, Byatarayanapura, Bengaluru, Karnataka. Pin-560092 (India)",2024-02-25,27,-1
"Sahakar Nagar Road, Fortuna Acacia, Byatarayanapura, Bengaluru, Karnataka. Pin-560092 (India)",2024-02-26,31,-1
"Sahakar Nagar Road, Fortuna Acacia, Byatarayanapura, Bengaluru, Karnataka. Pin-560092 (India)",2024-03-01,26,-1
"Sahakar Nagar Road, Fortuna Acacia, Byatarayanapura, Bengaluru, Karnataka. Pin-560092 (India)",2024-03-04,38,-1
"Sahakar Nagar Road, Fortuna Acacia, Byatarayanapura, Bengaluru, Karnataka. Pin-560092 (India)",2024-03-06,30,-1
"Sahakar Nagar Road, Fortuna Acacia, Byatarayanapura, Bengaluru, Karnataka. Pin-560092 (India)",2024-03-09,40,-1
"Sahakar Nagar Road, Fortuna Acacia, Byatarayanapura, Bengaluru, Karnataka. Pin-560092 (India)",2024-03-10,33,-1
"Sahakar Nagar Road, Fortuna Acacia, Byatarayanapura, Bengaluru, Karnataka. Pin-560092 (India)",2024-03-12,39,-1
"Sahakar Nagar Road, Fortuna Acacia, Byatarayanapura, Bengaluru, Karnataka. Pin-560092 (India)",2024-03-13,62,-1
"Sahakar Nagar Road, Fortuna Acacia, Byatarayanapura, Bengaluru, Karnataka. Pin-560092 (India)",2024-03-14,45,-1
"Sahakar Nagar Road, Fortuna Acacia, Byatarayanapura, Bengaluru, Karnataka. Pin-560092 (India)",2024-03-16,42,-1
"Sahakar Nagar Road, Fortuna Acacia, Byatarayanapura, Bengaluru, Karnataka. Pin-560092 (India)",2024-03-17,38,-1
"Sahakar Nagar Road, Fortuna Acacia, Byatarayanapura, Bengaluru, Karnataka. Pin-560092 (India)",2024-03-19,29,-1
"Sahakar Nagar Road, Fortuna Acacia, Byatarayanapura, Bengaluru, Karnataka. Pin-560092 (India)",2024-03-20,41,-1
"Sahakar Nagar Road, Fortuna Acacia, Byatarayanapura, Bengaluru, Karnataka. Pin-560092 (India)",2024-03-21,34,-1
"Sahakar Nagar Road, Fortuna Acacia, Byatarayanapura, Bengaluru, Karnataka. Pin-560092 (India)",2024-03-22,48,-1
"Sahakar Nagar Road, Fortuna Acacia, Byatarayanapura, Bengaluru, Karnataka. Pin-560092 (India)",2024-03-29,24,-1
"Sahakar Nagar Road, Fortuna Acacia, Byatarayanapura, Bengaluru, Karnataka. Pin-560092 (India)",2024-03-30,43,-1
"Sahakar Nagar Road, Fortuna Acacia, Byatarayanapura, Bengaluru, Karnataka. Pin-560092 (India)",2024-04-01,48,-1
"Sahakar Nagar Road, Fortuna Acacia, Byatarayanapura, Bengaluru, Karnataka. Pin-560092 (India)",2024-04-05,72,-1
"Sahakar Nagar Road, Fortuna Acacia, Byatarayanapura, Bengaluru, Karnataka. Pin-560092 (India)",2024-04-07,28,-1
"Sahakar Nagar Road, Fortune Acacia, Byatarayanapura, Bengaluru, Karnataka. Pin-560092 (India)",2024-02-02,41,-1
"Sahakar Nagar Road, Fortune Acacia, Byatarayanapura, Bengaluru, Karnataka. Pin-560092 (India)",2024-02-03,49,-1
"Sahakar Nagar Road, Fortune Acacia, Byatarayanapura, Bengaluru, Karnataka. Pin-560092 (India)",2024-02-05,40,-1
"Sahakar Nagar Road, L&T Realty Elara Celestia, Byatarayanapura, Bengaluru, Karnataka. Pin-560092 (India)",2024-03-03,25,-1
"Sahakar Nagar Road, Olivia, Raintree Boulevard, Byatarayanapura, Bengaluru, Karnataka. Pin-560092 (India)",2024-02-02,23,-1
"Sahakar Nagar Road, Olivia, Raintree Boulevard, Byatarayanapura, Bengaluru, Karnataka. Pin-560092 (India)",2024-02-03,36,-1
"Sahakar Nagar Road, Olivia, Raintree Boulevard, Byatarayanapura, Bengaluru, Karnataka. Pin-560092 (India)",2024-02-17,23,-1
"Sahakar Nagar Road, Olivia, Raintree Boulevard, Byatarayanapura, Bengaluru, Karnataka. Pin-560092 (India)",2024-02-21,24,-1
"Sahakar Nagar Road, Olivia, Raintree Boulevard, Byatarayanapura, Bengaluru, Karnataka. Pin-560092 (India)",2024-02-22,29,-1
"Sahakar Nagar Road, Olivia, Raintree Boulevard, Byatarayanapura, Bengaluru, Karnataka. Pin-560092 (India)",2024-03-12,30,-1
"Sahakar Nagar Road, Olivia, Raintree Boulevard, Byatarayanapura, Bengaluru, Karnataka. Pin-560092 (India)",2024-03-13,28,-1
"Shri Ramalingeshwara Cave Temple Road, Royal Meenakshi Mall, Hulimavu, Bengaluru, Karnataka. Pin-560076 (India)",2024-02-24,27,-1
"Shri Ramalingeshwara Cave Temple Road, Royal Meenakshi Mall, Hulimavu, Bengaluru, Karnataka. Pin-560076 (India)",2024-03-13,101,-1
"Siddavanahalli Krishna Sharma Road, Paresh Apartment, Kadumalleshwara, Malleshwaram, Bengaluru, Karnataka. Pin-560003 (India)",2024-02-21,29,-1
"Silver Jubilee Park Road, City Market Circle, Bengaluru, Karnataka. Pin-560002 (India)",2024-02-04,30,-1
"Silver Jubilee Park Road, City Market Circle, Bengaluru, Karnataka. Pin-560002 (India)",2024-02-06,40,-1
"Silver Jubilee Park Road, City Market Circle, Bengaluru, Karnataka. Pin-560002 (India)",2024-03-10,33,-1
"Silver Jubilee Park Road, Shoukath Mohalla, Nagartapete, Bengaluru, Karnataka. Pin-560002 (India)",2024-02-03,25,-1
"Sri DV Gundappa Road, Shopper Junction, Basavanagudi, Bengaluru, Karnataka. Pin-560004 (India)",2024-02-07,24,-1
"Sri DV Gundappa Road, Shopper Junction, Basavanagudi, Bengaluru, Karnataka. Pin-560004 (India)",2024-02-11,24,-1
"Sri DV Gundappa Road, Shopper Junction, Basavanagudi, Bengaluru, Karnataka. Pin-560004 (India)",2024-02-26,24,-1
"Sri ML Subbaraju Road, Mahatma Gandhi Circle, Shivaji Nagar, Bengaluru, Karnataka. Pin-560001 (India)",2024-02-25,45,-1
"Sri Narasimha Raj Wadiyar Road, Potters Colony, Kalasipalyam, Bengaluru, Karnataka. Pin-560002 (India)",2024-04-01,23,-1
"Sri Sankasta Hara Ganapati Temple Road, RPC Layout, Vijaya Nagar Stage 2, Bengaluru, Karnataka. Pin-560104 (India)",2024-01-30,35,-1
"Sri Sankasta Hara Ganapati Temple Road, RPC Layout, Vijaya Nagar Stage 2, Bengaluru, Karnataka. Pin-560104 (India)",2024-02-01,32,-1
"Sri Sankasta Hara Ganapati Temple Road, RPC Layout, Vijaya Nagar Stage 2, Bengaluru, Karnataka. Pin-560104 (India)",2024-02-02,57,-1
"Sri Sankasta Hara Ganapati Temple Road, RPC Layout, Vijaya Nagar Stage 2, Bengaluru, Karnataka. Pin-560104 (India)",2024-02-03,75,-1
"Sri Sankasta Hara Ganapati Temple Road, RPC Layout, Vijaya Nagar Stage 2, Bengaluru, Karnataka. Pin-560104 (India)",2024-02-06,37,-1
"Sri Sankasta Hara Ganapati Temple Road, RPC Layout, Vijaya Nagar Stage 2, Bengaluru, Karnataka. Pin-560104 (India)",2024-02-07,26,-1
"Sri Sankasta Hara Ganapati Temple Road, RPC Layout, Vijaya Nagar Stage 2, Bengaluru, Karnataka. Pin-560104 (India)",2024-02-08,48,-1
"Sri Venkataranga Ayangar Road, Malleshwaram 18th Cross Junction, Malleshwaram West, Bengaluru, Karnataka. Pin-560055 (India)",2024-02-17,33,-1
"Sri Venkataranga Ayangar Road, Malleshwaram 18th Cross Junction, Malleshwaram West, Bengaluru, Karnataka. Pin-560055 (India)",2024-02-25,25,-1
"Sri Venkataranga Ayangar Road, Malleshwaram 18th Cross Junction, Malleshwaram West, Bengaluru, Karnataka. Pin-560055 (India)",2024-03-18,23,-1
"Sri Venkataranga Ayangar Road, RR Palace, Malleshwaram, Bengaluru, Karnataka. Pin-560003 (India)",2024-04-07,35,-1
"Sri Venkataranga Ayangar Road, Ranganathapura, Malleshwaram, Bengaluru, Karnataka. Pin-560003 (India)",2024-02-09,40,-1
"Sri Venkataranga Ayangar Road, Ranganathapura, Malleshwaram, Bengaluru, Karnataka. Pin-560003 (India)",2024-02-11,30,-1
"Sri Venkataranga Ayangar Road, Ranganathapura, Malleshwaram, Bengaluru, Karnataka. Pin-560003 (India)",2024-02-17,40,-1
"Sri Venkataranga Ayangar Road, Ranganathapura, Malleshwaram, Bengaluru, Karnataka. Pin-560003 (India)",2024-02-25,61,-1
"Sri Venkataranga Ayangar Road, Ranganathapura, Malleshwaram, Bengaluru, Karnataka. Pin-560003 (India)",2024-03-18,37,-1
"Sri Venkataranga Ayangar Road, Ranganathapura, Malleshwaram, Bengaluru, Karnataka. Pin-560003 (India)",2024-03-31,32,-1
"Srinivagilu Main Road, ST Bed Layout Extension, Block 4, Koramangala, Bengaluru, Karnataka. Pin-560034 (India)",2024-02-05,45,-1
"Srinivagilu Main Road, ST Bed Layout Extension, Block 4, Koramangala, Bengaluru, Karnataka. Pin-560034 (India)",2024-02-06,43,-1
"Srinivagilu Main Road, ST Bed Layout Extension, Block 4, Koramangala, Bengaluru, Karnataka. Pin-560034 (India)",2024-03-17,30,-1
"Srinivagilu Main Road, ST Bed Layout Extension, Block 4, Koramangala, Bengaluru, Karnataka. Pin-560034 (India)",2024-04-01,44,-1
"Srinivagilu Main Road, ST Bed Layout Extension, Block 4, Koramangala, Bengaluru, Karnataka. Pin-560034 (India)",2024-04-07,37,-1
"Subedar Chatram Road, AT Extension, Gandhi Nagar, Bengaluru, Karnataka. Pin-560009 (India)",2024-03-30,30,-1
"Subedar Chatram Road, AT Extension, Gandhi Nagar, Bengaluru, Karnataka. Pin-560009 (India)",2024-04-06,37,-1
"Subedar Chatram Road, Kempe Gowda Circle, Gandhi Nagar, Bengaluru, Karnataka. Pin-560009 (India)",2024-02-23,26,-1
"Subedar Chatram Road, RK Puram, Gandhi Nagar, Bengaluru, Karnataka. Pin-560009 (India)",2024-02-02,28,-1
"Subedar Chatram Road, RK Puram, Gandhi Nagar, Bengaluru, Karnataka. Pin-560009 (India)",2024-02-03,24,-1
"Subedar Chatram Road, RK Puram, Gandhi Nagar, Bengaluru, Karnataka. Pin-560009 (India)",2024-02-19,26,-1
"Subedar Chatram Road, RK Puram, Gandhi Nagar, Bengaluru, Karnataka. Pin-560009 (India)",2024-02-21,23,-1
"Subedar Chatram Road, RK Puram, Gandhi Nagar, Bengaluru, Karnataka. Pin-560009 (India)",2024-03-09,24,-1
"Subedar Chatram Road, RK Puram, Gandhi Nagar, Bengaluru, Karnataka. Pin-560009 (India)",2024-04-08,31,-1
"Subedar Chatram Road, Yeshwanthapura Circle, Yeshwanthpur, Bengaluru, Karnataka. Pin-560022 (India)",2024-03-05,38,-1
"Thanisandra Main Road, Aswath Nagar Circle, Thanisandra, Bengaluru, Karnataka. Pin-560077 (India)",2024-02-06,29,-1
"Unnamed Road, Begur Chikkanahalli, Bengaluru, Karnataka. Pin-562149 (India)",2024-01-22,27,-1
"Unnamed Road, Begur Chikkanahalli, Bengaluru, Karnataka. Pin-562149 (India)",2024-01-24,33,-1
"Unnamed Road, Begur Chikkanahalli, Bengaluru, Karnataka. Pin-562149 (India)",2024-02-03,30,-1
"Unnamed Road, Begur Chikkanahalli, Bengaluru, Karnataka. Pin-562149 (India)",2024-02-07,34,-1
"Unnamed Road, Begur Chikkanahalli, Bengaluru, Karnataka. Pin-562149 (India)",2024-02-08,26,-1
"Unnamed Road, Begur Chikkanahalli, Bengaluru, Karnataka. Pin-562149 (India)",2024-02-16,34,-1
"Unnamed Road, Begur Chikkanahalli, Bengaluru, Karnataka. Pin-562149 (India)",2024-02-17,52,-1
"Unnamed Road, Begur Chikkanahalli, Bengaluru, Karnataka. Pin-562149 (India)",2024-02-18,40,-1
"Unnamed Road, Begur Chikkanahalli, Bengaluru, Karnataka. Pin-562149 (India)",2024-02-20,25,-1
"Unnamed Road, Begur Chikkanahalli, Bengaluru, Karnataka. Pin-562149 (India)",2024-02-21,100,-1
"Unnamed Road, Begur Chikkanahalli, Bengaluru, Karnataka. Pin-562149 (India)",2024-02-22,37,-1
"Unnamed Road, Begur Chikkanahalli, Bengaluru, Karnataka. Pin-562149 (India)",2024-02-23,43,-1
"Unnamed Road, Begur Chikkanahalli, Bengaluru, Karnataka. Pin-562149 (India)",2024-02-24,88,-1
"Unnamed Road, Begur Chikkanahalli, Bengaluru, Karnataka. Pin-562149 (India)",2024-02-25,40,-1
"Unnamed Road, Begur Chikkanahalli, Bengaluru, Karnataka. Pin-562149 (India)",2024-02-26,83,-1
"Unnamed Road, Begur Chikkanahalli, Bengaluru, Karnataka. Pin-562149 (India)",2024-02-27,43,-1
"Unnamed Road, Begur Chikkanahalli, Bengaluru, Karnataka. Pin-562149 (India)",2024-02-28,32,-1
"Unnamed Road, Begur Chikkanahalli, Bengaluru, Karnataka. Pin-562149 (India)",2024-02-29,76,-1
"Unnamed Road, Begur Chikkanahalli, Bengaluru, Karnataka. Pin-562149 (India)",2024-03-02,42,-1
"Unnamed Road, Begur Chikkanahalli, Bengaluru, Karnataka. Pin-562149 (India)",2024-03-03,50,-1
"Unnamed Road, Begur Chikkanahalli, Bengaluru, Karnataka. Pin-562149 (India)",2024-03-04,29,-1
"Unnamed Road, Begur Chikkanahalli, Bengaluru, Karnataka. Pin-562149 (India)",2024-03-06,30,-1
"Unnamed Road, Begur Chikkanahalli, Bengaluru, Karnataka. Pin-562149 (India)",2024-03-07,24,-1
"Unnamed Road, Begur Chikkanahalli, Bengaluru, Karnataka. Pin-562149 (India)",2024-03-09,53,-1
"Unnamed Road, Begur Chikkanahalli, Bengaluru, Karnataka. Pin-562149 (India)",2024-03-12,47,-1
"Unnamed Road, Begur Chikkanahalli, Bengaluru, Karnataka. Pin-562149 (India)",2024-03-14,46,-1
"Unnamed Road, Begur Chikkanahalli, Bengaluru, Karnataka. Pin-562149 (India)",2024-03-17,32,-1
"Unnamed Road, Begur Chikkanahalli, Bengaluru, Karnataka. Pin-562149 (India)",2024-03-19,30,-1
"Unnamed Road, Begur Chikkanahalli, Bengaluru, Karnataka. Pin-562149 (India)",2024-03-20,39,-1
"Unnamed Road, Begur Chikkanahalli, Bengaluru, Karnataka. Pin-562149 (India)",2024-03-21,24,-1
"Unnamed Road, Begur Chikkanahalli, Bengaluru, Karnataka. Pin-562149 (India)",2024-03-22,30,-1
"Unnamed Road, Begur Chikkanahalli, Bengaluru, Karnataka. Pin-562149 (India)",2024-03-31,28,-1
"Unnamed Road, Begur Chikkanahalli, Bengaluru, Karnataka. Pin-562149 (India)",2024-04-05,35,-1
"Unnamed Road, Chikkanahalli North Taluka, Bengaluru, Karnataka. Pin-562149 (India)",2024-02-22,24,-1
"Unnamed Road, Jagajothi Nagar, Muthugada Halli, Bengaluru, Karnataka. Pin-562157 (India)",2024-02-23,24,-1
"Vajreshwari Road, R Subanna Circle, Gandhi Nagar, Bengaluru, Karnataka. Pin-560001 (India)",2024-02-11,35,-1
"Vajreshwari Road, R Subanna Circle, Gandhi Nagar, Bengaluru, Karnataka. Pin-560001 (India)",2024-02-18,23,-1
"Vajreshwari Road, R Subanna Circle, Gandhi Nagar, Bengaluru, Karnataka. Pin-560001 (India)",2024-02-28,27,-1
"Vajreshwari Road, Railway Officers Enclave, Gandhi Nagar, Bengaluru, Karnataka. Pin-560009 (India)",2024-02-06,27,-1
"Veera Pillai Road, Sri Nagamma Devi Circle, Sivanchetti Gardens, Bengaluru, Karnataka. Pin-560042 (India)",2024-03-09,25,-1
"Veera Pillai Road, Sri Nagamma Devi Circle, Sivanchetti Gardens, Bengaluru, Karnataka. Pin-560042 (India)",2024-03-30,48,-1
"Veera Pillai Road, Sri Nagamma Devi Circle, Sivanchetti Gardens, Bengaluru, Karnataka. Pin-560042 (India)",2024-03-31,29,-1
"Veera Pillai Road, Sri Nagamma Devi Circle, Sivanchetti Gardens, Bengaluru, Karnataka. Pin-560042 (India)",2024-04-07,30,-1
"Veera Pillai Street, Nethaji Subhas Chadra Bose Circle, Shivaji Nagar, Bengaluru, Karnataka. Pin-560051 (India)",2024-04-01,80,-1
"Veera Pillai Street, Nethaji Subhas Chadra Bose Circle, Shivaji Nagar, Bengaluru, Karnataka. Pin-560051 (India)",2024-04-07,28,-1
"Vibgyor High School Road, Samhita Rainbow MTB Apartment, Green Garden Layout, Munnekolala, Bengaluru, Karnataka. Pin-560037 (India)",2024-02-29,64,-1
"Vibgyor High School Road, Samhita Rainbow MTB Apartment, Green Garden Layout, Munnekolala, Bengaluru, Karnataka. Pin-560037 (India)",2024-04-04,24,-1
"WOC Road, Block 1, Rajaji Nagar, Bengaluru, Karnataka. Pin-560010 (India)",2024-04-05,46,-1
"Whitefield Road, Sadaramangala Industrial Area, Whitefield, Bengaluru, Karnataka. Pin-560066 (India)",2024-02-01,34,-1
"Whitefield Road, Sadaramangala Industrial Area, Whitefield, Bengaluru, Karnataka. Pin-560066 (India)",2024-04-02,54,-1
"Whitefield Road, Sadaramangala Industrial Area, Whitefield, Bengaluru, Karnataka. Pin-560066 (India)",2024-04-07,23,-1
"Whitefield Road, VR Mall, Dyavasandra Industrial Estate Phase 2, Mahadevapura, Bengaluru, Karnataka. Pin-560048 (India)",2024-03-10,45,-1
"Y Ramachandra Road, Maharani College Junction, Gandhi Nagar, Bengaluru, Karnataka. Pin-560009 (India)",2024-02-07,34,-1
"Y Ramachandra Road, RK Puram, Gandhi Nagar, Bengaluru, Karnataka. Pin-560009 (India)",2024-01-12,23,-1
"Y Ramachandra Road, RK Puram, Gandhi Nagar, Bengaluru, Karnataka. Pin-560009 (India)",2024-04-03,32,-1
"Y Ramachandra Road, RK Puram, Gandhi Nagar, Bengaluru, Karnataka. Pin-560009 (India)",2024-04-06,23,-1
